epoch,train_loss,train_dice,train_iou,train_precision,train_recall,val_loss,val_dice,val_iou,val_precision,val_recall,lr,epoch_time_sec
1,0.4461335002370628,0.7033913629888052,0.5537826450761543,0.6825256130781518,0.7521256619763662,0.3601873531995133,0.7892430629509296,0.6562181768730341,0.7687521951999443,0.8303600881090496,0.0001,281.9649465084076
2,0.3394267398478037,0.7930980382769941,0.6610203807612499,0.7947318098343998,0.80968497353864,0.3083351473090271,0.8018513885704247,0.6725796665924396,0.778415004028777,0.8415656985003055,0.0001,226.22341299057007
3,0.29960205396973943,0.8053788601346763,0.6783976263597787,0.8202461493446166,0.8073773221222751,0.26063201682908194,0.8182805896265627,0.6964624984384044,0.9041167198460995,0.7576593321722906,0.0001,225.96569514274597
4,0.25704425031880296,0.8312050002167024,0.7146548064645515,0.8433290250330087,0.8337767227011991,0.23931752047483526,0.8475285667250055,0.7394036351483761,0.8691520967078485,0.8377878290806038,0.0001,231.96880197525024
5,0.2402909037865788,0.8311555241963949,0.7148915178517261,0.851847734020417,0.8240918465982,0.2328987243552926,0.8249954641095459,0.7071144689003933,0.9037198741923889,0.7708489630213116,0.0001,242.74358868598938
6,0.22160666455705483,0.8384763825370605,0.7252348425876664,0.8586503492493227,0.8296897677053888,0.1989232644611344,0.8492890225874411,0.7426221112947207,0.9054579971840022,0.8096049098894863,0.0001,245.00343203544617
7,0.20930965506168733,0.8428859814391079,0.731293952608683,0.8647844142511667,0.8342880571893899,0.22873409708034118,0.8321953346830537,0.7176959572151361,0.7826570237925614,0.9063063643613838,0.0001,245.95155692100525
8,0.2001907831143184,0.8464448524670428,0.7372523028017527,0.8706334217485175,0.8352582450372626,0.2008647000467455,0.8359295392128492,0.7228811785981462,0.9057929676932257,0.7856290837512513,0.0001,244.75122570991516
9,0.19053430961916246,0.8511021716048919,0.7444597354854446,0.870692791766431,0.8430628907536886,0.19196176367837028,0.8539890211981696,0.7494640417080588,0.8981207820899698,0.8231700884329306,0.0001,246.76343297958374
10,0.1870200616552169,0.8514887505554292,0.7449747811455324,0.8736858701705933,0.8428802086359047,0.18274032477016156,0.8513883158967301,0.7468327313776643,0.9174244567234083,0.8030134444071059,0.0001,248.50174617767334
11,0.1772428735839315,0.8561834270695606,0.7514629459955606,0.8791513168668172,0.8437936052069607,0.17303487566447165,0.8604922980415315,0.7592727362419187,0.8985846776759763,0.8347743038505201,0.0001,243.0675232410431
12,0.16896118075014596,0.8638138971845788,0.7628420736129026,0.8844995283218752,0.8525177732433181,0.19855935560920523,0.832541226650297,0.7178410015511236,0.8951661432571854,0.7868549524587094,0.0001,228.28202772140503
13,0.16730302117675183,0.8632710625464658,0.7627937755527266,0.8853153093751654,0.8520286070007875,0.17427047132064938,0.8614638164697006,0.7600502077216807,0.8559296050587216,0.8750854316365304,0.0001,224.32723736763
14,0.16448236034577152,0.8638784058410001,0.7631433987904744,0.8856229974850115,0.8507009200590203,0.16866977035308897,0.8631379915020181,0.764257301925232,0.8849263713626788,0.8533884965775096,0.0001,222.40936183929443
15,0.16377643775868128,0.8645003268517644,0.7636806720423411,0.8859025763029076,0.8522284021435014,0.16512619724144806,0.8679167524728075,0.7705219986355903,0.900539310052128,0.8454720939448441,0.0001,219.38201808929443
16,0.16012870162366385,0.8664054389459541,0.7678957306333335,0.8887421308655337,0.8535672749381468,0.16652771220704304,0.8681452232898432,0.7709908694834322,0.8814301957955232,0.8628462946553028,0.0001,228.07516479492188
17,0.15085456079029175,0.8730376606102449,0.7770341257014907,0.8945489370966532,0.8598850258574429,0.1782886064305729,0.8498855677350607,0.7461974915390309,0.9326298156300107,0.7892758528698365,0.0001,225.41590476036072
18,0.15380791744553898,0.8710381052580225,0.7741336473786687,0.8867082053207489,0.8641855288700885,0.1595060992194879,0.8716404053695413,0.7758638787453699,0.8861959684769619,0.8649761232630166,0.0001,227.97635126113892
19,0.1506454518042415,0.8733902713764145,0.777698539998158,0.8928046131995787,0.8623763808572149,0.15959212218472396,0.8699708403767766,0.7744960955211094,0.9025446620687094,0.8495572639708353,0.0001,229.32370400428772
20,0.14363711247243077,0.8792565500592611,0.7867604525979743,0.8956055787097977,0.8701418938119727,0.17177134591179924,0.8606398107922676,0.7595925922559496,0.8846955117571769,0.8462472314079756,0.0001,223.27054476737976
21,0.14385562459747475,0.8793568587590412,0.7866126992329058,0.9001196944282716,0.8659252095222473,0.1593808902276529,0.8695324850358558,0.7727841654339352,0.8977445598734852,0.8511876247564338,0.0001,219.8245759010315
22,0.146722290372274,0.8759580303961972,0.7814621707043016,0.896152585242168,0.8626110001931707,0.17850971164390386,0.8526977169467675,0.7477113839282032,0.896286443393663,0.8235041064185065,5e-05,222.13779306411743
23,0.13625556935028857,0.885353896531714,0.7965874208599688,0.9035365260078246,0.8736975116327584,0.15753574686621147,0.8695386305278793,0.7740700850155363,0.9202377915842653,0.8316471749290997,5e-05,222.19521379470825
24,0.1308642092957554,0.8903940712112979,0.8043136427488672,0.907498630156,0.8792417889043509,0.1521826735104373,0.8750392575981994,0.7824880326576675,0.9123386586494888,0.8495317923056113,5e-05,223.21423077583313
25,0.13145179162542503,0.8888629013946258,0.8027402156806854,0.9035928932729974,0.8803183299087617,0.15886662365386844,0.8730970225278936,0.7790171895248089,0.918323539398812,0.8392726930872354,5e-05,220.97354197502136
26,0.1325424545931529,0.8873831991115249,0.7993940099176154,0.9042629230166056,0.8761903688706547,0.14526112038196284,0.8817384933412765,0.7929553166319505,0.9131538177549149,0.8594885468482971,5e-05,224.37311363220215
27,0.1280710260193032,0.8918894398930561,0.8067779760475619,0.9064853809827782,0.8820803584248187,0.1532281394400652,0.8732587099075317,0.7797013576426561,0.9043469965227783,0.8521257825339623,5e-05,222.90554785728455
28,0.1305771602349109,0.8896378341065831,0.8036145328326397,0.9052487457803933,0.8784383165118206,0.14570680766952543,0.880966642648557,0.7914927148450756,0.9062430297085677,0.8643333283630578,5e-05,218.94525122642517
29,0.1262161154488483,0.892244929175779,0.8074263422460441,0.9013269393989839,0.8878601411164525,0.1499684385121099,0.8777372379100461,0.7863550676342143,0.8977573244728176,0.8670212083341532,5e-05,225.15119767189026
30,0.12631145192198007,0.8914975561291338,0.8059927691321775,0.9085658008506499,0.8800826923531222,0.14898743638660916,0.8778615950617551,0.7864123115668425,0.9019738877602066,0.8623330245607148,2.5e-05,224.014324426651
