experiment,architecture,checkpoint_epoch,accuracy,macro_precision,macro_recall,macro_f1,macro_auc
efficientnet_b0_ce_seed0,efficientnet_b0,10,0.8640873015873016,0.77407135402195,0.7616435739251283,0.7563242905869246,0.9751188284987816
efficientnet_b0_ce_seed1,efficientnet_b0,11,0.8521825396825397,0.7526532768105803,0.7238609581354263,0.7285320247012039,0.9718470805486955
efficientnet_b0_ce_seed2,efficientnet_b0,13,0.8630952380952381,0.7753293926455687,0.7726342555896634,0.7686165954153442,0.9723362659003196
efficientnet_b0_focal_seed0,efficientnet_b0,14,0.7906746031746031,0.6792492721309678,0.7852277891086908,0.7178287220859231,0.9693201888389434
efficientnet_b0_focal_seed1,efficientnet_b0,14,0.8382936507936508,0.7422348043686184,0.7851930823396599,0.7526816096744847,0.9694023663123909
efficientnet_b0_focal_seed2,efficientnet_b0,13,0.8224206349206349,0.6916461755794152,0.7866183490118649,0.7303463721087173,0.966543058093402
efficientnet_b0_weighted_ce_seed0,efficientnet_b0,13,0.8234126984126984,0.7241436293748793,0.7683296313286138,0.727423641333554,0.9665074095173678
efficientnet_b0_weighted_ce_seed1,efficientnet_b0,13,0.8194444444444444,0.7297481445767235,0.7378000378267231,0.7260528884617977,0.9713101581375891
efficientnet_b0_weighted_ce_seed2,efficientnet_b0,10,0.8214285714285714,0.6731880601120057,0.780521571396408,0.7142535509366809,0.9641653521969913
