experiment,loss,seed,accuracy,macro_f1,macro_recall,mel_recall,df_recall
efficientnet_b0_ce_seed0,ce,0,0.8640873015873016,0.7563242905869246,0.7616435739251283,0.7326732673267327,0.47619047619047616
efficientnet_b0_ce_seed1,ce,1,0.8521825396825397,0.7285320247012039,0.7238609581354263,0.6534653465346535,0.47619047619047616
efficientnet_b0_ce_seed2,ce,2,0.8630952380952381,0.7686165954153442,0.7726342555896634,0.6534653465346535,0.6190476190476191
efficientnet_b0_focal_seed0,focal,0,0.7906746031746031,0.7178287220859231,0.7852277891086908,0.7722772277227723,0.5238095238095238
efficientnet_b0_focal_seed1,focal,1,0.8382936507936508,0.7526816096744847,0.7851930823396599,0.7821782178217822,0.5714285714285714
efficientnet_b0_focal_seed2,focal,2,0.8224206349206349,0.7303463721087173,0.7866183490118649,0.7524752475247525,0.6190476190476191
efficientnet_b0_weighted_ce_seed0,weighted_ce,0,0.8234126984126984,0.727423641333554,0.7683296313286138,0.7623762376237624,0.47619047619047616
efficientnet_b0_weighted_ce_seed1,weighted_ce,1,0.8194444444444444,0.7260528884617977,0.7378000378267231,0.7920792079207921,0.6666666666666666
efficientnet_b0_weighted_ce_seed2,weighted_ce,2,0.8214285714285714,0.7142535509366809,0.780521571396408,0.8118811881188119,0.5238095238095238
