epoch,train_loss,train_macro_f1,val_loss,val_accuracy,val_macro_f1,val_macro_auc
1,1.4319481538004548,0.35427318051658624,0.9927764084344336,0.6584967320261438,0.49379337927878203,0.9119288744441018
2,0.8426965064476308,0.549940052855871,0.7880403629315444,0.7015250544662309,0.5757332267924307,0.9374780926355889
3,0.6567593749995622,0.626314858640493,0.774042252491762,0.7064270152505446,0.5984142962212022,0.9412291648874884
4,0.5602253738324765,0.6888686173581832,0.6973056912032607,0.7391067538126361,0.6232747609646152,0.9389659028947486
5,0.4854950041420622,0.7091280740394458,0.6710881990804651,0.7559912854030502,0.6454423356386066,0.9475368091304671
6,0.44663959123734326,0.7387597974104014,0.6225972806706148,0.7766884531590414,0.6727077506351584,0.9468761424570216
7,0.3843213222517628,0.7696907967284712,0.5781533160046035,0.7908496732026143,0.6894855009327855,0.951322947454239
8,0.3602030762954997,0.7944098876959768,0.5768282541067772,0.7913943355119826,0.6878297804322343,0.95364901487236
9,0.3367040120453965,0.7999742589730802,0.5668610045787815,0.7990196078431373,0.676980329452608,0.9532638897313664
10,0.3083545869724034,0.8159838887192689,0.5717646615307835,0.795751633986928,0.6944027289206527,0.9550913041949027
11,0.2683177946695984,0.8377833528970384,0.5821138905414049,0.7962962962962963,0.700219257515075,0.9548409551884662
12,0.26923641146651656,0.8389240718599124,0.5730542433742345,0.8071895424836601,0.7119027338680582,0.9540394714502212
13,0.2632641630793822,0.8318290615366113,0.5649461758552293,0.8017429193899782,0.7019568439224091,0.9532154361582778
14,0.2478051399245819,0.8510597060208509,0.5805905702846502,0.7995642701525054,0.7026856973723978,0.9522728874379183
15,0.23503465538929214,0.8510403338089949,0.5433463502618482,0.8131808278867102,0.7141749012207065,0.9532819078669449
