epoch,train_loss,val_loss,val_macro_f1
1,1.2896468276620592,0.8446684418680361,0.5341158272938952
2,0.7812550977521402,0.7385078868575086,0.5790729346229899
3,0.5645277710307269,0.7539961937660745,0.6109893026449245
4,0.46003647053649765,0.6598363355581277,0.6482214239613385
5,0.355812768155251,0.5881477569864986,0.7005456031925742
6,0.28412269104152393,0.6494153400635537,0.6918025500344795
7,0.2518850403733026,0.5102296404414739,0.7027449376061325
8,0.19813237230718359,0.5937343785348541,0.7103609354148526
9,0.16489328593285207,0.5628628544752894,0.7291984741828756
10,0.1443282063618661,0.5882032738312721,0.739281562241901
11,0.1234491117681136,0.5287542938455647,0.7429428484855831
12,0.11072608155742779,0.5098890613811192,0.7397585576899145
13,0.10438726085941931,0.5254647294049251,0.753398848462962
14,0.09996215804853607,0.5074148647525715,0.7536877196385332
15,0.10198836222641389,0.5110307305752988,0.7502906954265391
